,PROVEEDOR,Variedad,Color,Cantidad recibida,Cantidad Trasplantada,Fecha siembra campo,Semana,Bloque sembrado,Inicio cosecha,Semana,Fin de cosecha,COMENTARIOS,Nombre Homologados,Tallos vendidos,Fecha Homologada,Estado,,Ventas WIX,Utilidad,Ventas por tallos calculados MG
,Ball Colombia,Dusty Miller Serrada,Plateado azulado · hoja aserrada,,,30/07,31,3C,DIC,46,,51,Silver Dust,,,Cerrada,,,,
,Tecniplantas,Snapdragon MB Bronze,Coral durazno,4271,,05/08,32,2 Y 3AYB,NOV,44,,,MB Cherry Bronze,,,Cerrada,,,,
,Ball Colombia,Limonium Senzii White Ball,Blanco,70,,05/08,32,4A,NOV,42,,En semana 7 tallos muy debiles no vale la pena,Statice White,,,Cerrada,,,,
,Tecniplantas,Snapdragon MB Ivory,Blanco azalea,2537,,06/08,32,3B,NOV,44,,,MB Ivory,,,Cerrada,,,,
,Tecniplantas,Snapdragon Cannes Velvet Red,Rojo carmesí,2200,,06/08,32,3B,NOV,44,27,Fin cosecha sem27. Casi toda la cama sacada por demasiada deformidad en la flor.,Cannes Red Delight,,,Cerrada,,,,
,Tecniplantas,Celosia Sunday Pink,Rosa candy,1626,,08/08,32,4A,OCTUBRE,45,,,Sunday Light Pink,,,Cerrada,,,,
,Dummen Orange,Limonium Dummen Orange,Salmón · durazno,,,08/08,32,4A,Noviembre,42,,En semana 7 tallos muy debiles no vale la pena,Statice Apricot,,,Cerrada,,,,
,Dummen Orange,Barbatus Dummen Orange,,,,08/08,32,4A,Noviembre,42,,En semana 7 tallos muy debiles no vale la pena,,,,Cerrada,,,,
,Tecniplantas,Celosia Sunday Dark Pink,Rosado cereza oscuro,1543,,12/08,33,4A,OCTUBRE,46,,,Sunday Dark Pink,,,Cerrada,,,,
,Tecniplantas,Celosia Sunday Bright Pink,Rosa candy,1198,,12/08,33,4A,OCTUBRE,46,,,Sunday Light Pink,,,Cerrada,,,,
,Tecniplantas,Celosia Cristata Evanthia,Vino tinto,1178,,16/08,33,5,NOVIEMBRE,46,,,Cristata Indian Summer,,,Cerrada,,,,
,Tecniplantas,Celosia Celway Red,Cereza,2139,,12/08,33,3C,NOVIEMBRE,46,,,Celway Red,,,Cerrada,,,,
,Tecniplantas,Celosia Celway Salmon,Salmón,2356,,12/08,34,5,NOVIEMBRE,48,,,Celway Salmon,,,Cerrada,,,,
,Tecniplantas,Celosia Dream Mix,Mix pastel · verde · coral · salmón,465,,19/08,34,5,NOVIEMBRE,28,,Sem28 flores maduras. Arranca cosecha.,Dreams Mix,,,Cerrada,,,,
,Tecniplantas,Daucus Carota Purple Kisses,Rosa pálido · lavanda · morado suave,2404,,18/08,34,4 ext,ENERO,2,,,Ammi Dara,,,Cerrada,,,,
,Ball,Trachellium White Lake Michigan,Blanco encaje,1900,,19/08,34,3B,DICIEMBRE,,,5 | Sem28 aún no ha florecido. Inicio cosecha pendiente de confirmar.,Trachelium White,,,Cerrada,,,,
,Tecniplantas,Gomphrena Rose Bicolor,Lila con blanco,1628,,20/08,34,5,DICIEMBRE,51,,3,Bicolor Rose,,,Cerrada,,,,
,Tecniplantas,Ammi Majus,Blanco · verde suave,822,,21/08,34,6,DICIEMBRE,51,,,Ammi Majus,,,Cerrada,,,,
,Tecniplantas,Celosia Flamingo Feather,Morado fucsia,,,21/08,34,2,DICIEMBRE,49,,,Flamingo Purple,,,Cerrada,,,,
,Tecniplantas,Amarantos Green,Verde lima,1339,,27/08,35,6,NOVIEMBRE,50,,,Green Tails,,,Cerrada,,,,
,Tecniplantas,Lemon Mint Bee Balm,,921,,26/08,35,jardin,DICIEMBRE,50,,,,,,Cerrada,,,,
,Tecniplantas,Snapdragon MB Ivory y Bronze,Blanco azalea,1719,,28/08,35,4,NOVIEMBRE,47,,,MB Ivory,,,Cerrada,,,,
,Ball,Campanulas Pink,Rosa,3562,,28/08,35,4,NOVIEMBRE,47,,,Campanula Pink,,,Cerrada,,,,
,Ball,Matricarias Vegmo Single,Blanco con centro amarillo,1370,,28/08,35,3B,NOVIEMBRE,47,,,Matricaria Vegmo,,,Cerrada,,,,
,Ball,Green Ball Punky Ball,Verde musgo,864,,28/08,35,3A y 4,NOVIEMBRE,48,,51,Dianthus Green Ball,,,Cerrada,,,,
,Ball,Ammi Majus,Blanco · verde suave,822,,30/08,35,6,NOVIEMBRE,48,,,Ammi Majus,,,Cerrada,,,,
,Tecniplantas,Aquillea Yarrow ,,,,30/08,35,6,DICIEMBRE,,,,,,,Cerrada,,,,
,Tecniplantas,Dusty Miller,Plateado azulado · hoja grande,366,,01/09,36,2,ENERO,4,,Terrible produccion enana,Dusty New Look,,,Cerrada,,,,
,Ball,Trachellium,Blanco encaje,1900,,01/09,36,3B,DICIEMBRE,,,6 | Sem28 aún no ha florecido. Inicio cosecha pendiente de confirmar.,Trachelium White,,,Cerrada,,,,
,Tecniplantas,Statice Hipster White,Blanco,,,02/09,36,6,DICIEMBRE,49,,,Statice White,,,Cerrada,,,,
,Ball,Ammi Majus,Blanco · verde suave,822,,02/09,36,6,NOVIEMBRE,45,,,Ammi Majus,,,Cerrada,,,,
,Tecniplantas,Amaranto Love Lies Bleeding,Vino tinto,1400,,03/09,36,6,NOVIEMBRE,51,,,Love Lies Bleeding,,,Cerrada,,,,
,Tecniplantas,Celosia Flamingo,Morado fucsia,1903,,03/09,35,6,DICIEMBRE,50,,,Flamingo Purple,,,Cerrada,,,,
,Ball,Trachellium White Lake,Blanco encaje,1900,,04/09,36,6,DICIEMBRE,,,Aun no hemos cosechado el primero | Sem28 aún no ha florecido. Inicio cosecha pendiente de confirmar.,Trachelium White,,,Cerrada,,,,
,Tecniplantas,Matildas,Lavanda · rosado · plateado,2119,,04/09,36,4,DICIEMBRE,49,,Semana 5 solo quedan tallos minusculos,Ptilotus Matilda,,,Cerrada,,,,
,Tecniplantas,Lisianthus Celeb Crystal,Blanco puro,,,05/09,36,4a,FEBRERO,7,,,Lisianthus Blanco,,,Cerrada,,,,
,Tecniplantas,Lisianthus Corelli White Improved,Blanco puro,,,05/09,36,4A,FEBRERO,7,,,Lisianthus Blanco,,,Cerrada,,,,
,Tecniplantas,Lisianthus Rosanne Clear Green,Verde lima · verde menta pálido,,,08/09,37,Mini,FEBRERO,,,,Lisianthus Verde,,,Cerrada,,,,
,Tecniplantas,Lisianthus Voyage Light Pink,Salmón muy claro · blush · champagne,,,08/09,37,Mini,FEBRERO,,,,Lisianthus Pastel,,,Cerrada,,,,
,Tecniplantas,Lisianthus Celeb Turn Red,Salmón intenso · fucsia · rosado,,,08/09,37,Mini,FEBRERO,,,,Lisianthus Rosado,,,Cerrada,,,,
,Tecniplantas,Gomphrena Purple,Morado fucsia,1607,,09/09,37,3B,ENERO,3,,6,QIS Purple,,,Cerrada,,,,
,Ball,Campanulas White,Blanco puro,,,09/09,37,6,DICIEMBRE,52,,Casi nada de cosecha,Campanula White,,,Cerrada,,,,
,Ball,Trachellium,Blanco encaje,,,09/09,37,6,ENERO,,,Sem28 aún no ha florecido. Inicio cosecha pendiente de confirmar.,Trachelium White,,,Cerrada,,,,
,Ball,Green Ball,Verde musgo,,,10/09,37,3c,DICIEMBRE,50,,"Seguimos cosechando en semana 6! En Semana 10 todo esta grave, torcido, fusarium",Dianthus Green Ball,,,Cerrada,,,,
,Ball,Matricarias Vegmo Snowball,Blanco puro,1096,,11/09,37,4A,DICIEMBRE,27,,"6 | Inicio cosecha sem27, pico sem28. Buena cosecha.",Matricaria Snowball,,,Cerrada,,,,
,Tecniplantas,Gomphrenas QUIS Carmine,Hot pink,,,11/09,37,2,ENERO,50,,"Semana 6 no queda casi, semana 7 rematamos",QIS Carmine,,,Cerrada,,,,
,Ball,Dusty Miller,Plateado azulado · hoja grande,,,18/09,38,2,FEBRERO,6,,Se quedo enano,Dusty New Look,,,Cerrada,,,,
,Ball,Matricarias,Blanco con centro amarillo,,,18/09,38,5,DICIEMBRE,51,,"Las sacamos, les dio mosca blanca y no florecieron",Matricaria Vegmo,,,Cerrada,,,,
,Ball,Snapdragon Potomac Royal,Morado fucsia,,,22/09,39,3C,DICIEMBRE,51,,,Potomac Royal,,,Cerrada,,,,
,Ball,Ammi Majus,Blanco · verde suave,,,22/09,39,ext 3,DICIEMBRE,2,,"5 quedan aun mas pequenos, 8 ya ",Ammi Majus,,,Cerrada,,,,
,Ball,Snapdragon Potomac early white ,Blanco puro,,,01/10,40,2,DICIEMBRE,50,,,Opus Fresh,,,Cerrada,,,,
,Ball,Snapdragon Potomac early pink ,Blanco rosado pastel,,,01/10,40,2,DICIEMBRE,50,,,Potomac Appleblossom,,,Cerrada,,,,
,Ball,Green ball punky ball,Verde musgo,,,,40,,ENERO,1,,,Dianthus Green Ball,,,Cerrada,,,,
,Ball,Campanula white,Blanco puro,,,02/10,40,,DICIEMBRE,52,,,Campanula White,,,Cerrada,,,,
,Ball,Matricaria Vegmo single,Blanco con centro amarillo,,,02/10,40,,ENERO,52,,,Matricaria Vegmo,,,Cerrada,,,,
,DCB,Snapdragon enanos,,,2016,7/10,41,2,ENERO,,,,,,,Cerrada,,,,
,DCB,Marigold White Swan,Amarillo pastel,,2016,7/10,41,5,DICIEMBRE,51,,2,Marigold White Swan,,,Cerrada,,,,
,DCB,Strawflower,Salmón · durazno,,1354,8/10,41,2,ENERO,4,,"Seguimos cosechando en semana 9, muy malo sin pinch, seguimos cosechando en semana 15, 16 las voy a sacar pero no por produccion sino por espacio",Strawflower Apricot,,,Cerrada,,,,
,DCB,Didiscus,,,1380,9/10,41,2,ENERO,6,,Ya en semana 9 no queda casi nada,,,,Cerrada,,,,
,DCB,Ammobium Alatum,Blanco · centro amarillo,,1800,10/10,41,2,ENERO,2,,"Aun hay en campo en semana 9, tuvimos segunda floracion en semana 13,14, 15 ahi las saque porque necesitaba el espacio",Ammobium Alatum,,,Cerrada,,,,
,DCB,Amarantos,Verde lima,,1000,10/10,41,,ENERO,1,,2,Green Tails,,,Cerrada,,,,
,Ball,Snapdragon Calima PInk,Rosa,,1728,10/10,41,5,ENERO,2,,8,Cannes Pink,,,Cerrada,,,,
,Ball,Matricaria Vegmo Single,Blanco con centro amarillo,,2304,10/10,41,Mini,ENERO,2,,4,Matricaria Vegmo,,,Cerrada,,,,
,Ball,Ammi Visnaga,Blanco · verde suave,,288,10/10,41,3 ext,ENERO,2,,,Ammi Majus,,,Cerrada,,,,
,Ball,Snapdragon Monaco Red,Vino tinto,,1728,10/10,41,5,DICIEMBRE,2,,3,Monaco Red,,,Cerrada,,,,
,Ball,Snapdragon Potomac Earlly White,Blanco puro,,1728,10/10,41,5,DICIEMBRE,2,,3,Opus Fresh,,,Cerrada,,,,
,DCB,Amarantos Cascada,Verde lima,,1300,14/10,42,2,DICIEMBRE,51,,3,Green Tails,,,Cerrada,,,,
,DCB,Ammobium Alatum,Blanco · centro amarillo,,1300,14/10,42,2,ENERO,1,,,Ammobium Alatum,,,Cerrada,,,,
,DCB,Statice Quis Apricot,Salmón · durazno,,300,16/10,42,2,FEBRERO,7,,No hemos cosechado porque le dio botrytis desde el inicio y se seteo,Statice Apricot,,,Cerrada,,,,
,DCB,Celosia Evanthia,Vino tinto,,250,16/10,42,2,ENERO,2,,,Cristata Indian Summer,,,Cerrada,,,,
,DCB,Amaranto Velvet,Vino tinto,,1600,17/10,42,3 EXT,FEBRERO,6,,,Velvet Curtains,,,Cerrada,,,,
,DCB,Celosia Mix,Mix pastel · verde · coral · salmón,,300,17/10,42,,ENERO,3,,,Dreams Mix,,,Cerrada,,,,
,Ball,Matricaria Vegmo Single,Blanco con centro amarillo,,1440,17/10,42,5 y mini,ENERO,1,,,Matricaria Vegmo,,,Cerrada,,,,
,Ball,Matricaria Vegmo Snowball,Blanco puro,,1440,17/10,42,5 y mini,ENERO,27,,"Inicio cosecha sem27, pico sem28. Buena cosecha.",Matricaria Snowball,,,Cerrada,,,,
,Ball,Snapdragon Potomac Earlly White,Blanco puro,,1440,17/10,42,3a,ENERO,0,,,Opus Fresh,,,Cerrada,,,,
,Ball,Snapdragon Calima PInk,Rosa,,1440,17/10,42,3a,ENERO,1,,,Cannes Pink,,,Cerrada,,,,
,Ball,Campanula Champion Pink,Rosa,,1440,20/10,42,mini,ENERO,1,,4,Campanula Pink,,,Cerrada,,,,
,DCB,Orlaya,,,962,27/10,44,,ENERO,4,,7,,,,Cerrada,,,,
,DCB,Statice Quis Apricot,Salmón · durazno,,1265,27/10,44,3A,FEBRERO,7,,,Statice Apricot,,,Cerrada,,,,
,DCB,Daucus Carota Purple Kisses,Rosa pálido · lavanda · morado suave,,2020,28/10,44,2ext,MARZO,12,,Semana 16 aun nadan algo habia en semana 19 pero casi nada,Ammi Dara,,,Cerrada,,,,
,DCB,Gomphrenas,Hot pink,,6200,28/10,44,"4a, 3A",FEBRERO,5,,"Empezo solo la Quis Red / Semana 9 es la longitud y tamano de bola mas grande, terminamos de pelar todo en semana 12",QIS Carmine,,,Cerrada,,,,
,Ball,Campanula Champion White,Blanco puro,,2000,29/10,44,3C,FEBRERO,4,,9,Campanula White,,,Cerrada,,,,
,Ball,Matricaria Vegmo Single,Blanco con centro amarillo,,2304,30/10,44,3C,FEBRERO,5,,Sem 8 | Sacrificada por mosca blanca. Fin cosecha anticipado.,Matricaria Vegmo,,,Cerrada,,,,
,Ball,Trachellium White,Blanco encaje,,1600,30/10,44,3A,MARZO,,,"Semana 9, demorado en aperturar, semana 14 se sacan 20 tallos x dia. Decidi sacarla en semana 15 pero aun tenia tallos. | Sem28 aún no ha florecido. Inicio cosecha pendiente de confirmar.",Trachelium White,,,Cerrada,,,,
,DCB,Snapdragon enanos,,,200,4/11,45,2,FEBRERO,5,,,,,,Cerrada,,,,
,DCB,Statice Forever Silver,Blanco,,870,07/11,45,5,MARZO,8,,"Sigue produciendo semana 16, en la semana 16 tiene mucha botrytis, tuvimos que podar muchos tallos, en semana 20 la voy a sacar porque tiene muchos hongos",Forever Silver,,,Cerrada,,,,
,Ball,Dahlias,,,696,11/11,46,2,ENERO,2,,"Ya semana 6 poco productivas, no me gustaron | Dalias tipo ball (bold/baby) Inv1. Floración espectacular desde sem29. Mildeo+pulgones activos sem30. BOMBA URGENTE esta semana.",Dalia Bold Baby,,,Cerrada,,,,
,Ball,Ammi Majus,Blanco · verde suave,,600,12/11,46,3A,FEBRERO,6,,,Ammi Majus,,,Cerrada,,,,
,DCB,Anemonas ,,,590,14/11,46,3C,FEBRERO,1,,"Aun sigue produciendo, las trasplante en semana 16 por el espacio",,,,Cerrada,,,,
,DCB,Ranunculus,,,480,14/11,46,3C,FEBRERO,1,,Semana 6 poco productivas,,,,Cerrada,,,,
,DCB,Helipterum Pierrot White,Blanco · centro negro · amarillo,,1396,17/11,47,2,FEBRERO,3,,"Hemos cosechado bastante semana 6, sem 8 súper productivo, en semana 12 ya queda una menor produccion, como para sacar.",Helipterum White,,,Cerrada,,,,
,DCB,Zinnia Benarys Giant Carmen Rose,Rojo vino,,1500,17/11,47,3AB,FEBRERO,4,,5 | Sem28 muchísima producción. Más de lo que se puede vender.,Zinnia Dark Red,,,Cerrada,,,,
,DCB,Zinnia Queenie Formula Mix,Multicolor · anémona mini,,,17/11,47,3AB,FEBRERO,4,,5,Zinnia Candy Mix,,,Cerrada,,,,
,DCB,Zinnia Polar Bear,Blush · beige · rosa pálido,,,17/11,47,3AB,FEBRERO,4,,5,Zinnia Linen,,,Cerrada,,,,
,Ball,Snapdragon Potomac Early White ,Blanco puro,,1728,20/11,47,3B,FEBRERO,5,,7,Opus Fresh,,,Cerrada,,,,
,Ball,Snapdragon Potomac early pink ,Blanco rosado pastel,,2880,20/11,47,3B,FEBRERO,5,,7,Potomac Appleblossom,,,Cerrada,,,,
,DCB,Celosia Sunday Red???,Rojo,,700,21/11,47,2,FEBRERO,7,,,Sunday Red,,,Cerrada,,,,
,Ball,Campanula Champion Pink,Rosa,,800,24/11,48,2,FEBRERO,8,,"Sem 8,9 cosechando algo, semana 11 siguen tallos aperturando, semana 12 ya ultimos tallos",Campanula Pink,,,Cerrada,,,,
,DCB,Daucus Carota Purple Kisses,Rosa pálido · lavanda · morado suave,,1100,24/11,48,3 ext,ABRIL,16,,No tenia plastico y se emalezo sin floracion. Perdida,Ammi Dara,,,Cerrada,,,,
,DCB,Celosia Cristata Indian Summer Burgundy,Vino tinto,,,26/11,48,5,FEBRERO,8,,Aun demasiado delgadas,Cristata Indian Summer,,,Cerrada,,,,
,DCB,Statice Quis Apricot,Salmón · durazno,,,27/11,48,3A,MARZO,11,,,Statice Apricot,,,Cerrada,,,,
,DCB,"Celosias: Wheat, Chief Carmine, Cramers Rose, Pastel, Dreams",Por confirmar,,,28/11,48,5,FEBRERO,8,,"Sem 9 aun sin mostrar plumas, 11 ya en formacion de plumas pero aun inmaduras",Cristata Chief Carmine,,,Cerrada,,,,
,DCB,Dill bouquet,,,,28/11,48,3 ext,MARZO,11,,Nunca salo no se que paso,,,,Cerrada,,,,
,DCB,Snapdragon restantes DCB,,,240,24/11,49,2,FEBRERO,9,,,,,,Cerrada,,,,
,Ball,Dusty Miller New Look,Plateado azulado · hoja grande,,640,2/12,49,3c,MAYO,17,,Lo voy a sacar en semana 18 pero unca elongo,Dusty New Look,,,Cerrada,,,,
,Ball,Ammi Majus,Blanco · verde suave,,1152,3/12,49,3EXT,MARZO,10,,,Ammi Majus,,,Cerrada,,,,
,DCB,Amarantos cAScada,Verde lima,,,4/12,49,5,FEBRERO,6,,Terrrible cosecha se quedaron enanos,Green Tails,,,Cerrada,,,,
,Ball,Matricarias Vegmo Single,Blanco con centro amarillo,,1728,12/12,51,5,MARZO,12,,"Aun nada, decidi sacarlas",Matricaria Vegmo,,,Cerrada,,,,
,Ball,Campanula Champion Pink,Rosa,,3000,11/12,51,3A,MARZO,11,,"Sem 9 ya comienzan a aperturar mas enanas de lo normal, en semana 12 aun muchos tallos por aperturar, semana 16 aun los ultimos tallos",Campanula Pink,,,Cerrada,,,,
,Ball,Green ball punky ball,Verde musgo,,1792,12/12,51,3B,MARZO,14,,"Buenisimos tallos en semana 16, en semana 20 ya quedan tallos mas pequenos, ya la semana que viene la sacamos",Dianthus Green Ball,,,Cerrada,,,,
,Ball,Snapdragon Potomac Early White ,Blanco puro,,1440,11/12,51,3A,FEBRERO,10,,"Empezaron en semana 8, terminaron en semana 11",Opus Fresh,,,Cerrada,,,,
,Ball,Snapdragon Potomac Dark Orange,Naranja sunset,,1728,11/12,51,3A,FEBRERO,11,,"Empezará en semana 9, terminaron en semana 12",Monaco Orange,,,Cerrada,,,,
,DCB,Celosía Lavly,Fucsia cereza,,1792,,52,4B,MARZO,12,,Se quedaron enanas,Cristata Reprise Velvet,,,Cerrada,,,,
,DCB,Celosia Verda Green,Verde limón,,1792,,52,3B,MARZO,12,,Se quedaron enanas | Sem27-28 cosechando pero con síntomas de botritis. Aún hay cabezas engordando en campo. No se han sacado.,Cristata Verda Green,,,Cerrada,,,,
,DCB,Celosias Dreams,Mix pastel · verde · coral · salmón,,896,,52,4B,MARZO,28,,"Todavia no maduran en la 12. Falta 1 a 2 semanas, comienza cosecha semana 14, excelente semana 15 ya en 16 podriamos pelar, lo sacamos en la 18 | Sem28 flores maduras. Arranca cosecha.",Dreams Mix,,,Cerrada,,,,
,Ball,Campánula Campana Pink,Rosa,,200,,52,3B,MARZO,12,,,Campanula Pink,,,Cerrada,,,,
,DCB,Nigella Miss Jekyll Pink,,,1600,,1,3C,MARZO,12,,"Apenas formando botones, Ya en semana 16 empezamos a vender y carritos, en la 18 aun queda por aperturar, en semana 19 pelamos todo algunas habian sacado semillas pero para poder tener los pods seria haber esperado una semana mas. La sacamos en la 20",Nigella Miss Jekyll Pink,,,Cerrada,,,,
,Ball,Dusty Miller New Look,Plateado azulado · hoja grande,,288,,1,3A,MAYO,21,,"Estoy esperando a madres para sacarlo, se quedo ENANO",Dusty New Look,,,Cerrada,,,,
,DCB,Gomphrenas Quis Pink,Lila claro,,200,,1,4A,ABRIL,16,,"No las hemos cortado sera que las dejo a madres? Estan pequenas, LAS USAMOS TODAS EN MADRES y se quedaron cortas en cantidad obviamente, salieron en semana 19",Quis Pink,,,Cerrada,,,,
,DCB,Statice Forever Silver y Quis Apricot,Blanco,,704,,1,5,ABRIL,16,,"Cosechando desde la 15 alguito,en semana 20 tienen mucha botrytis y las bases estan muy feas. Sera que la apricot es inviable de sembrar?, semana 21 cosechamos algo bonito pero persiste botrytis, ya en sem 24 son un cementerio, las vamos asacar",Forever Silver,,,Cerrada,,,,
,Ball,Snapdragon Potomac Early White,Blanco puro,,1152,,2,4B,MARZO,12,,"Cosechando en la 15,16 ya esta lisa para pelar",Opus Fresh,,,Cerrada,,,,
,Ball,Snapdragon Calima Pink,Rosa,,864,,2,4B,MARZO,13,,Mas bonita que la Potomac,Cannes Pink,,,Cerrada,,,,
,Ball,Carthamus Zanzíbar,Vino intenso,,2000,,2,4B,MAYO,16,,"Semana 14, ya tiene boton, debemos hacer pinch/ Empieza cosecha en semana 16! En semana 18 ya vemos mucha botrytis, aestamos estirando la cosecha por madres, pero lo ideal seria pelar ya esta semana. En semana 19 ya todo estaba marron. Calcular la ventana de cosecha maximo para la 18.",Dianthus Sweet Cherry,,,Cerrada,,,,
,DCB,Snapdragon Lilac y Red Dreams,Lavanda claro,,1792,,2,4B,ABRIL,14,,"Semana 13 empezamos cosecha, en semana 15 no hay mas lavender y muy pocos red",Cannes Lavender,,,Cerrada,,,,
,DCB,Brianthus Hilverda,Vino · fucsia bicolor,,1850,,2,3A,MAYO MADRES,13,,"La variedad Tsar empezo a dar tallos en semana 12, ya cosechando en semana 13. Final de semana 13 los Tsar super abiertos. En semana 16 quedan tallos de repele. No los saco esperando por madres, En madres sem 19 sacamos lo que pudimos pero ya eran tallos mas delgados y cortos. ",Brianthus Jolly,,,Cerrada,,,,
,DCB,Celosias Asian Garden,Vino tinto,,600 aprox,,3,2,ABRIL,15,,"Estan desde la 15 pero esperando salir de las dreams primero cosechando en la 16, esta semana sale",Cristata Indian Summer,,,Cerrada,,,,
,DCB,Amarantos,Verde lima,,200 aprox,,3,3A,MARZO,12,,Aun sin formar espiga,Green Tails,,,Cerrada,,,,
,Ball,Snapdragon Opus Fresh,Blanco puro,,1728,,3,MINI,MARZO,13,,"Semana 14 casi no aperturan, semana 15 y 16 cosechando, los saco en la 16, malos tallos en el mini.",Opus Fresh,,,Cerrada,,,,
,Ball,Matricarias,Blanco con centro amarillo,,1152,,3,3A,ABRIL,14,,"Empezando cosecha en semana 14, en semana 15 la pelamos, fue perfecto, y ahora comenzaremos con la segunda floracion del 3A arriba",Matricaria Vegmo,,,Cerrada,,,,
,Ball,Campanulas Champion 2 White,Blanco puro,,1800,,3,MINI,ABRIL,15,,"Comenzanron a aperturar unas pocas en las 13, cosecha mala, 16 aun esperando aperturas, en 18 aun por aperturar, los sacamos en la 19",Campanula White,,,Cerrada,,,,
,Ball,Campanula Campana White,Blanco puro,,200,,4,MINI,ABRIL?,16,,,Campanula White,,,Cerrada,,,,
,DCB,Gomphrenas Quis Pink,Lila claro,,,,4,3B,MAYO,19,,,Quis Pink,,,Cerrada,,,,
,Ball,Snapdragon Calima Pink,Rosa,,1440,,4,4A,ABRIL,16,,,Cannes Pink,,,Cerrada,,,,
,Ball,Snapdragon Potomac early pink ,Blanco rosado pastel,,288,,4,4A,ABRIL,15,,,Potomac Appleblossom,,,Cerrada,,,,
,Ball,Campanula Pink,Rosa,,1200,,4,MINI,ABRIL,14,,,Campanula Pink,,,Cerrada,,,,
,DCB,Dahlias,,,100,,5,2,ABRIL,16,,"Empezaron en la 15, semana 21 floracion pero mildeo persistente, insectos y mildeo semana 24. Las dahlias nuevas del 1 estan espectacularmente florecidas en semana 29 y 30, pero estan llenas de pulgones. | Dalias Linda's Baby (ball, esqueje Colombia). Seteadas completamente sem29 por mildeo. Próxima cosecha TBD post-rebrote.",Dalia Ball Linda's Baby,,,Activa,,,,
,Andres,Zinnia Aurora,Amarillo tostado · naranja · coral,,889,,6,5,MAYO,18,24,"Primeras flores para centros en la 15, en la 16 ya tienen buen tamano y comenzamos cosecha de balde diario. En semana 19 y 20 seguimos cosechando buenos tallos, un balde diario. Semana 21 cosecha wow aun, sem 22 idem, las sacamos en semana 24 para sembrar dusty. aun estaban produciendo! Sem24: Crecimiento espectacular sin pinch. Paleta intensos difícil de combinar. Corte tardío detectado — usar wiggle test y centro cerrado. Diabrotica activa Inv 4B — bomba emergencia 13/06.Primeras flores para centros en la 15, en la 16 ya tienen buen tamano y comenzamos cosecha de balde diario. En semana 19 y 20 seguimos cosechando buenos tallos, un balde diario. Semana 21 cosecha wow aun, sem 22 idem, las sacamos en semana 24 para sembrar dusty. aun estaban produciendo! | Sem28 muchísima producción.",Zinnia Aurora,,,Cerrada,,,,
,Andres,Zinnia Ballerina,Rosado pálido · salmón suave,,484,,6,5,MAYO,18,24,Sem24: Favorita. Sin pinch — ramifica sola en Inv 4. Cabezas grandes rosado pastel. Forma chirosa o plana según temperatura nocturna. Daño insecto en pétalos. Candidata a aumentar próximo ciclo. | Sem28 muchísima producción.,Zinnia Ballerina,,,Cerrada,,,,
,Andres,Zinnia Jazzy Mix,Amarillo tostado · naranja · coral,,198,,6,5,MAYO,18,24,"Primeras flores para centros en la 15. Cosechamos tallos limdos para madres, me encanta para jardin toques mas no para abajo en cultivo. \\\",Zinnia Aurora,,,Cerrada,,,,
,Andres,Celosias Lavly,Fucsia cereza,,2082,,6,4,MADRES,18,,Induccion floral en semana 11,Cristata Reprise Velvet,,,Cerrada,,,,
,Andres,Celosias Indian Summer,Vino tinto,,1800,,6,4,MADRES,18,19,"En semana 18 apenas sacando crestas, faltan al menos 2 semanas de engorde, Cosechamos tallos buenisimos en semana 19, y hubiesemos podido extender y engordar hasta la 20, pero los usamos en madres. Combina lindo con rosado claro solamente. Con otros colores oscurece el boueuqet.",Cristata Indian Summer,,,Cerrada,,,,
,Andres,Celosias Shimmer,Amarillo · salmón · rosa,,2490,,6,5,MADRES,18,21,"Semana 18 aun falta por desarrollar plumas, cosechamos lo ue pudimos en la 19 y 20, pero no fueron buenos tallos como en cosechas anteriores. Puede ser por la induccion floral/elongacion? Semana 21 seguimos cosechando un balde pero ya sacaremos estas camas esta semana",Shimmer Mix,,,Cerrada,,,,
,Andres,Celosias Dreams,Mix pastel · verde · coral · salmón,,350,,6,5,MADRES,28,21,Lo poquito que habia lo sacamos en semana 19 | Sem28 flores maduras. Arranca cosecha.,Dreams Mix,,,Cerrada,,,,
,Andres,Snapdragon Opus Bronze Early,Naranja atardecer,,4658,,7,5+ 1 del 4A,MADRES,17,20,"Comienzan a mostrar tallos en la 16, ya mucho cosechado esta semana, ya en semana 18 se acaba, en semana 19 habian poquitos tallos cosechados al dia, las sacamos en la 22 pero ya la semana pasada estaba de sacar",Opus Early Bronze,,,Cerrada,,,,
,Ball,Snapdragon Potomac Appleblossom,Blanco rosado pastel,,3014,,7,Gomphrenas 3B,MADRES,19,20,"Ya se empiezan a florecer las del 4a en la 16, en seman 19 habian mas tallos cosechables, ya en semana 20 quedan solo los delgados, la sacamos en la 22",Potomac Appleblossom,,,Cerrada,,,,
,Ball,Campanula Champion Pink,Rosa,,4658,,7,5?,MADRES,19,22,"Sacando dos baldes diarios aproximadamente. Fue muy poquito para madres, esta semana 22 ya esta de sacar",Campanula Pink,,,Cerrada,,,,
,Ball,Campanula Champion Lavender,Lavanda,,288,,7,5?,MADRES,19,22,Esto ya no hay nada en la 22,Campanula Lavender,,,Cerrada,,,,
,Andres,Gomphrena Quis Carmine,Hot pink,,2785,,8,CAMAS BAJAS 3A,MAYO,21,,"Empezamos cosecha en semana 19, aun no esta en su punto pero por madres sacamos lo que pudimos, super buena produccion en la 21 y 22. Ya en semana 24 vemos muchas lanzandose a semillas pero aun muchas viables, mucha produccion para lo que vendemos.",Quis Carmine,,,Activa,,,,
,Andres,Gomphrena Sequin,Rosado envejecido,,735,,8,CAMAS BAJAS 3A,MAYO,23,27,"Empezamos cosecha en semana 19, aun no esta en su punto pero por madres sacamos lo que pudimos. Super buena produccion en la 21 y 22. En semana 24 tuvimos tallos muy caidos por falta de malla y buena estructura. Todo esta e el suelo. Muchas ya yebdose a semillas. Muy bello el color. | Sem27 aún había flores pero maleza adelantada. Hubiesen aguantado 1 sem más de menor calidad.",Quis Sequin,,,Cerrada,,,,
,Ball,Ammi Majus,Blanco · verde suave,,1370,,9,6,MADRES,21,,"Comenzamos cosecha finalizando la 21, cosechando buenos tallos en semana 22 pero aun no full produccion, seguimos cosechando en sem 24, creo que ya en sem 25 cerramos",Ammi Majus,,,Activa,,,,
,Andres,Limonium Forever Happy,Malva con centro amarillo,,2545,,9,4 AB + 4 DEL 4,JUNIO,21,25,"Empezamos a cosechas un poquitin en semana 20, produccion increible en semana 21 y 22. Ya en sem 23 y 24 declive productivo. Se enfermaron mucho y odiaron el desyerbe y limpieza basal. Las voy a tener que sacar. Tuvieron 2 tallos promedio. Sacamos MUCHA flor con botrytis  Sem24: 15 semanas campo. Colapso productivo confirmado con fotos. Pudrición cuello activa en varias plantas. 2 tallos promedio/planta — BAJO. Necrosis basal severa en camas más antiguas. Estrategia sem25: cosechar todo en punto, retirar plantas en colapso en bolsa cerrada fuera del invernadero, cerrar camas gradualmente. Cantus sem25 para control Botrytis. NO sembrar lisianthus ni campanula en estas camas inmediatamente — ciclo biosupresor primero (gomphrena o matricaria).",Statice Happy,,,Cerrada,,,,
,Andres,Strawflower Apricot,Salmón · durazno,,4490,,9,6,JUNIO,24,,"Empezamos a sacar tallos en semana 19. Produccion increible (2 balde semanal) en semana 21 y 22, seguimos cosechando en sem 24, pero las bases estan necroticas, toca hacer un trabajo cultural y ver si vale la pena el rebrote.. Sem24: Producción buena sem 19-22. Estado actual: follaje necrótico inferior, laterales pequeños para seco. Labor cultural + bomba Naturamin+Ascofol+Engruese para segunda brotación. Cosecha solo mediodía con flor abierta.",Strawflower Apricot,,,Activa,,,,
,Andres,Strawflower Cranberry Rose,Fucsia avinado,,2759,,9,6,JUNIO,24,,"Empezamos a sacar tallos en semana 19,pero no suficiente cantidad para sostener produccion Sem24: Mismo estado que Apricot. Producción sem 19 insuficiente. Labor cultural esta semana.",Strawflower Cranberry Rose,,,Activa,,,,
,Andres,Amaranto Coral Fountain,Coral suave,,600,,9,3B,MADRES,18,19,"En la 16 sacamos tallitos para fotos, pelamos todo en semana 19",Coral Fountain,,,Cerrada,,,,
,Ball Colombia,Green Ball,Verde musgo,,800,,9,4A,JUNIO,24,,"Comenzando cosecha en semana 19 y 20. Esta semana tallos mas bien delgados no tan cheveres, | 21 sem campo. Cosecha arrancó sem19-20. Tallos delgados esta semana — fin de ventana de calidad. SIN pinch registrado.",Dianthus Green Ball,,,Activa,,,,
,Ball Colombia,Snapdragon Opus Fresh,Blanco puro,,1440,,9,3B,ABRIL-MAYO,19,22,"Empiezan a sacar tallos finalizando la 19, y comenzando la 20,tallos mas gruesos que la appleblossom, seguimoscosechando en la 21 y ultimos en la 22, sacamos la cama en sem 24",Opus Fresh,,,Cerrada,,,,
,Andres,Lisianthus Megalo Orange Deep,Salmón intenso · fucsia · rosado,,2000,,10,Mini 3C Y 3B,AGOSTO,33,,"En semana 20 segunda labor de desyerbe, mucha mortalidad en campo por fusarium, ya emezando a pasar algunas a diferenciacion",Lisianthus Rosado,,,Activa,,,,
,Andres,Lisianthus Jolly 3 Pink,Salmón intenso · fucsia · rosado,,849,,10,Mini 3C Y 3B,AGOSTO,31,,"En semana 20 segunda labor de desyerbe, mucha mortalidad en campo por fusarium, ya emezando a pasar algunas a diferenciacion",Lisianthus Rosado,,,Activa,,,,
,Andres,Lisianthus Megalo 3 Pink Rim,Salmón muy claro · blush · champagne,,1045,,10,Mini 3C Y 3B,AGOSTO,31,,"En semana 20 segunda labor de desyerbe, mucha mortalidad en campo por fusarium, ya emezando a pasar algunas a diferenciacion",Lisianthus Pastel,,,Activa,,,,
,Andres,Lisianthus Megalo 3 Pink Pop,Salmón intenso · fucsia · rosado,,,,10,Mini 3C Y 3B,AGOSTO,31,,"En semana 20 segunda labor de desyerbe, mucha mortalidad en campo por fusarium, ya emezando a pasar algunas a diferenciacion",Lisianthus Rosado,,,Activa,,,,
,Andres,Lisianthus Celeb 2 Madonna,Blanco puro,,200,,10,Mini 3C Y 3B,AGOSTO,27,30,"En semana 20 segunda labor de desyerbe, mucha mortalidad en campo por fusarium, ya emezando a pasar algunas a diferenciacion",Lisianthus Blanco,,,Activa,,,,
,Andres,Lisianthus Celeb 2 Apricot,Salmón intenso · fucsia · rosado,,1600,,10,Mini 3C Y 3B,AGOSTO,28,32,"En semana 20 segunda labor de desyerbe, mucha mortalidad en campo por fusarium, ya emezando a pasar algunas a diferenciacion",Lisianthus Rosado,,,Activa,,,,
,Andres,Lisianthus Corelli I Yellow,Amarillo pastel · amarillo intenso,,1000,,10,Mini 3C Y 3B,AGOSTO,27,31,"En semana 20 segunda labor de desyerbe, mucha mortalidad en campo por fusarium, ya emezando a pasar algunas a diferenciacion",Lisianthus Amarillo,,,Activa,,,,
,Andres,Lisianthus Megalo I Yellow,Amarillo pastel · amarillo intenso,,446,,10,Mini 3C Y 3B,AGOSTO,27,31,"En semana 20 segunda labor de desyerbe, mucha mortalidad en campo por fusarium, ya emezando a pasar algunas a diferenciacion, primera en florecer. Esta variedad le fue bien, elongo, y hoy cosechamos unos 10 tallos, Buena resiliencia.",Lisianthus Amarillo,,,Activa,,,,
,Andres,Lisianthus Celeb 2 Crystal,Blanco puro,,1200,,10,Mini 3C Y 3B,AGOSTO,27,31,"En semana 33 ya no queda nada yellow ni white, ni apricot",Lisianthus Blanco,,,Activa,,,,
,Andres,Lisianthus Celeb 2 White Improved,Blanco puro,,400,,10,Mini 3C Y 3B,AGOSTO,27,31,"En semana 20 segunda labor de desyerbe, mucha mortalidad en campo por fusarium, ya emezando a pasar algunas a diferenciacion",Lisianthus Blanco,,,Activa,,,,
,Andres,Lisianthus Celeb 2 Lovely Pink,Salmón intenso · fucsia · rosado,,1000,,10,Mini 3C Y 3B,AGOSTO,31,,"En semana 20 segunda labor de desyerbe, mucha mortalidad en campo por fusarium, ya emezando a pasar algunas a diferenciacion",Lisianthus Rosado,,,Activa,,,,
,Ball Colombia,Matricaria Vegmo Single,Blanco con centro amarillo,,2016,,10,3C,MAYO,22,,"Mosca blanca, semana 20 aun desarrollo vegetativo, cosechamos primerostallos en 24, pero no tan buena mucha perdida | Sacrificada por mosca blanca. Fin cosecha anticipado.",Matricaria Vegmo,,,Cerrada,,,,
,Andres,Echinops,,,200,,11,2,JUNIO,26,,PERENNE. No florece el primer año — solo desarrollo vegetativo. Florecerá en 2027. Dejar en Inv2.,Echinops,,,Activa,,,,
,Andres,Lisianthus Beige Neo,Salmón muy claro · blush · champagne,,1660,,11,3B,AGOSTO,28,31,"Estan unos en muy mal estado, pero se ven las primeras flores en sem 25",Lisianthus Pastel,,,Activa,,,,
,Andres,Larkspur Misty Lavender y Light Blue,,,4788,,11,3A,MAYO,23,24,"Ya cosechando en semana 20, medio balde diario. Cosecha extraordinaria en semana 21 y 22, sacando un balde diario, sacamos las plantas en sem 24 para secar,las ventas no fueron tan buenas, se despetalanam en el crruti'",Larkspur Lavender,,,Cerrada,,,,
,Ball,Snapdragon Potomac Early Orange,Naranja sunset,,1728,,11,4B,JUNIO,23,,"Salieron muy mal con espacios entre las flores, algo paso aqui, cosecha casi perdida",Monaco Orange,,,Cerrada,,,,
,Andres,Amarantos Velvet Curtains,Vino tinto,,800,,11,6,JUNIO,26,,"Sacamos los mejores tallos en semana 21 y semana 22 quedan los mas delgados, esta semana sacamos la cama",Velvet Curtains,,,Cerrada,,,,
,Ball Colombia,Trachellium White Lake,Blanco encaje,,,,11,5,JUN-JUL,,,Sem24: Galinsoga masiva invadiendo cama. Desyerbe en ejecución. Bomba foliar correctiva post-desyerbe: Naturamin + Ascofol + Equifun. Drench Inv 5 completo sábado. | Sem28 aún no ha florecido. Inicio cosecha pendiente de confirmar.,Trachelium White,,,Activa,,,,
,Ball Colombia,Ammi Visnaga,Blanco · verde suave,,1728,,11,6,JUNIO,23,25,Ya cosechando desdela 24,Ammi Majus,,,Activa,,,,
,Ball Colombia,Campanulas Champion 2 White,Blanco puro,,1096,,12,3C,MAYO,24,,"Estamos cosechando desde semana 21, un balde diario, ya la voy a sacr en semana 22, quedan muy pocos tallos",Campanula White,,,Cerrada,,,,
,Ball Colombia,Matricaria Snowball,Blanco puro,,2016,,12,3B,JUNIO,27,28,"Inicio cosecha sem27, pico sem28. Buena cosecha. | Pico sem28. Cama alta sacada sem30 por menor producción.",Matricaria Snowball,,,Activa,,,,
,Ball Colombia,Snapdragon Potomac Royal,Morado fucsia,,1152,,12,4A,JUNIO,24,24,"Cosechando desde semana 21. excelente cosecha en semana 22, EXCELENTES TALLOS, color morado fucsia",Potomac Royal,,,Cerrada,,,,
,Ball Colombia,Snapdragon Potomac Early Yellow,Amarillo lima,,288,,12,4A,JUNIO,23,24,"Mas atrasada que las demas variedades, pero los tallosson buenos",Cannes Lemon,,,Cerrada,,,,
,Ball Colombia,Snapdragon Potomac Crimson,Rojo con toque morado,,864,,12,4A,JUNIO,24,24,"Ya comenzo a producir finalizando la 22, mas roja, muy bonita",Potomac Crimson,,,Cerrada,,,,
,Ball Colombia,Snapdragon Opus Fresh,Blanco puro,,864,,12,4A,JUNIO,24,24,"Cosechando desde semana 21. excelente cosecha en semana 22, EXCELENTES TALLOS",Opus Fresh,,,Cerrada,,,,
,Ball Colombia,Trachellium Purple,Morado intenso,4,776,,12,5,JULIO,,,Sem28 aún no ha florecido. Inicio cosecha pendiente de confirmar.,Trachelium Purple,,,Activa,,,,
,Ball Colombia,Girasol Pro Cut White Lite,Blanco cremoso · centro dorado,,800,,13,4A,JUNIO,25,24,"Semana 22 comienza cosecha, hoy sacamos para 6 paqietes de 5 tallos. Muchas perdidas por spodoptera comiendose los petalos,ultimos tallos cabezas mas pequenas, paquetes de 6, sacamos la cama en la sem 24 ya pelada",Girasol White Lite,,,Cerrada,,,,
,Andres,Lisianthus,Blanco puro,14 bandejas,2800,,13,3B,SEPTIEMBRE,36,,,Lisianthus Blanco,,,Activa,,,,
,Ball Colombia,Campanula Champion White,Blanco puro,4,1096,,13,3C,JUNIO,25,25,"Ya ultimos tallos en sem 24 pero ha sido una buena cosecha, constante para los carritos, no hemos vendido al mayor estos dias",Campanula White,,,Activa,,,,
,Andres,Statice Forever Happy,Malva con centro amarillo,,2708,,13,3A+3B+4A,JULIO,27,,"Sem24: Inv 3B — 11 semanas campo. Roseta verde todavía funcional — no ha entrado en colapso. Patrón DCB documentado: roseta verde sem 1-10, colapso sem 15+. Ventana crítica activa. Protocolo preventivo activado sem25: Glukoplant Ca-BZn cada 10 días + Botrycid preventivo + Fórmula C al inicio cosecha + NO quitar follaje basal sin lesión activa. Primera cama ensayo controlado de extensión de vida productiva. | Inicio cosecha sem27. Muy buena cosecha desde sem27.",Statice Happy,,,Activa,,,,
,Andres,Ammobium Alatum,Blanco · centro amarillo,23 bandejas,4600,,13,3A,JULIO,26,27,"En semana 20 empiezan a desarrollar tallos, ya comenzamos a cosechar en la 22 el primer balde. En exterior tallos hermosos, muchas devoluciones y perdidas en carritos. Pudricion de parte baja de tallos. Probando metodos de solucion y maquillaje. Demasiada cantidad de flor para la que piden. Ya seamos varios baldes a la semana. | Fin cosecha sem27. Flores de menor calidad, algunas en el piso. Hubiesen aguantado 1 sem más.",Ammobium Alatum,,,Cerrada,,,,
,Ball Colombia,Snapdragon Monaco Dark Pink,Fucsia suave,,1644,,14,5,JUNIO,24,24,"Comienza a florecer en semana 22, en 8 semanas!!! Tallos extraordinarios con cabezas gruesas! florecieron muy uniformes. No tengo a quien venderselo. Entre los hot pink ha sido mi favoritoSem24: Tallos extraordinarios con cabezas gruesas. Contrasta con Plumblossom misma semana — diferencia es operativa no varietal.",Monaco Dark Pink,,,Cerrada,,,,
,Ball Colombia,Snapdragon Monaco Plumblossom,Blanco con ciruela,,1918,,14,5,JUNIO,24,28,"Sem24: PÉRDIDA >50%. Desyerbe tardío + malla tarde = tallos torcidos irrecuperables. Color bonito blanco+vino. REGLA: malla y desyerbe antes sem 4 post-trasplante.Esta cama no se desyerbo a tiempo ni se acomodo la malla a tiempo. Vienen tallos delgados y torcidos. Veo que va a ser una mala cosecha. El color es muy bonito es blanco pero con el toque vino en las flores, en la 25 aun tallos en cama | Sigue cosechando sem27-28. Cama no sacada. Va aperturando en fases a diferencia de Monaco Naranja.",Monaco Plumblossom,,,Activa,,,,
,Ball Colombia,Snapdragon Monaco Red,Vino tinto,,822,,14,4A,JUNIO,24,25,,Monaco Red,,,Cerrada,,,,
,Ball Colombia,Snapdragon Potomac Crimson,Rojo con toque morado,,1644,,14,4A,JUNIO,26,25,"Esta variedad es bonita, es un vino y da buenos tallos, la espiga es menos grande que la Opus.",Potomac Crimson,,,Cerrada,,,,
,Andres,Zinnia Linen,Blush · beige · rosa pálido,,324,,14,4B,JULIO,22,,"Sem24: Similar Ballerina. Flores grandes beige con toques verdes. Sin pinch. Paleta ideal bodas.Comienzan a sacar tallos en semana 19 y 20, cosechando en semana 22 ",Zinnia Linen,,,Activa,,,,
,Andres,Zinnias Floret ,Amarillo dorado suave,,393,,14,4B,JULIO,22,,Comienzan a sacar tallos en semana 19 y 20,Zinnia Golden Hour,,,Activa,,,,
,Ball Colombia,Green ball punky ball,Verde musgo,,945,,14,4A,JULIO/AGOSTO,27,33,Toca desyerbar por segunda vez. Esta si recibio pinch hace 2 semanas. | Pinch realizado sem17-18. 16 sem campo. Cosechando.,Dianthus Green Ball,,,Activa,,,,
,Ball Colombia,Girasol Pro Cut White Lite,Blanco cremoso · centro dorado,,950,,14,4B,JUNIO,24,25,"Cabezas ya formadas, Empezamos cosecha en semana 24 y 25 ya terminara. Interesante como se puede hacer para tener mas uniformidad de cabezas. Las ultimas terminan siendo pequenas. Mejorar en ser preventivo con las plagas. Y esta me gusta mas que la negra porque los centros se secan amarillos hermosos.",Girasol White Lite,,,Cerrada,,,,
,Ball Colombia,Snapdragon Monaco Orange,Naranja sunset,,1644,,15,4A,JUNIO,26,24,"ESPECTACULAR. Amo esta variedad, es un naranja con toques rosados bellisimo, muy concentrada la cosecha en una semana, tallos grandes espigas florales increibles. Es DEMASIADO importante la doble malla para no perder tallos arqueados! | Pico cosecha sem27. Cama sacada sem28. Ideal hubiese sido sacarla en sem27. Sale toda al tiempo a diferencia de Plumblossom.",Monaco Orange,,,Cerrada,,,,
,Ball Colombia,Ammi Majus+ Ammobium,Blanco · verde suave,,1644,,15,4EXT,JULIO,30,32,"Fin cosecha sem27. Flores de menor calidad, algunas en el piso. Hubiesen aguantado 1 sem más. | Cosecha desde sem29. Tallos torcidos/arqueados — malla no subida a tiempo. REGLA: malla exterior antes sem4 post-trasplante.",Ammi Majus,,,Cerrada,,,,
,Andres,Amaranto Emerald Tails,Verde lima,,1219,,15,3A,JUNIO,28,24,"Comenzamos primera cosecha en semana 22, ya finalizando semana 22 quedan los peores tallos, seha cosechado casi todo esta semana para venta Sem24: Prácticamente pelada. Cosecha casi completa esta semana. | Sem28 algunos maduros. Empezando a sacar paquetes. Ideal hubiese sido sem27.",Green Tails,,,Cerrada,,,,
,Andres,Gomphrenas Raspberry Cream,Lila salmonado,,1600,,15,5,JULIO,30,35,"Comenzamos primera cosecha en semana 22, ya finalizando semana 22 quedan los peores tallos, seha cosechado casi todo esta semana para venta. Sem24: 9 semanas. Bolitas rosadas en formación, NO lista. Plantas sanas. Cosecha proyectada julio sem 29-30. Semana 30, 31, 32 excelentes cosechas, ya tienen los tallos mas maduros. En semana 33 estamos sacando lo ultimo que queda, hay mayor perdida porque la cama esta enmalezada y al sacar muchos laterales se afectan. Pero estan hermosos",Raspberry Cream,,,Activa,,,,
,Andres,Dusty Miller,Plateado azulado · hoja grande,,1000,,15,5,AGOSTO,29,,"Sem24 TRIAL: Ball Colombia (plateado) vs Andrés (más verde, inferior calidad origen). Sin foliar permitido. Laterales no evaluables aún. Decisión sem 35. | 15 sem campo. Primeros tallos de prueba para ensayo florero sem30. Ventana óptima sem35-40. Trial Ball Colombia vs Andrés + densidad zigzag vs 1/hueco.En semana 32 y 33 cosechando tallos espectaculares, y sacando finalmente ediciones especiales con ellos.",Dusty New Look,,,Activa,,,,
,Ball Colombia,Dusty Miller,Plateado azulado · hoja grande,,976,,15,5,SEPTIEMBRE,29,,"Sem24 TRIAL: Ball Colombia (plateado) vs Andrés (más verde, inferior calidad origen). Sin foliar permitido. Laterales no evaluables aún. Decisión sem 35.",Dusty New Look,,,Activa,,,,
,Ball Colombia,Matricaria Snowball,Blanco puro,,822 + 822,,15,3B,JULIO,27,30,"Inicio cosecha sem27, pico sem28. Buena cosecha. | Cama baja. Últimos tallos sem30. Cierre sem30.",Matricaria Snowball,,,Activa,,,,
,Ball Colombia,Snapdragon Opus Fresh,Blanco puro,,548,,15,4A,JULIO,25,25,"Poquita cantidad de blanco, es lo minimo semanal para condolencias etc",Opus Fresh,,,Cerrada,,,,
,Andres,Dusty Miller,Plateado azulado · hoja grande,,,,15,5,SEPTIEMBRE,35,,"Sem24 TRIAL: Ball Colombia (plateado) vs Andrés (más verde, inferior calidad origen). Sin foliar permitido. Laterales no evaluables aún. Decisión sem 35.",Dusty New Look,,,Activa,,,,
,Andres,Limonium Pink Pokers,Malva con centro amarillo,,2670,,15,2,AGOSTO,28,,"Todas las plantas del 2 se perdieron. Aqui en el 3C hay media cama produciendo primeros tallos. En semana 28 sacamos la primera cosecha de verdad buena, tallos largos. Sin embargo aun tenemos problemitas de vida en florero en los puntos. | Media cama 3C. Pico cosecha sem28-29. 2 semanas cosechando. Tallos más largos que anteriores. Marchitamiento en florero activo. ENSAYO: mezcla con Statice funciona bien en venta. Próxima siembra en 3A obligatorio.",Ruso,,,Activa,,,,
,Andres,Lisianthus,Blanco puro,,1042,,15,3B,SEPTIEMBRE,38,,"Mucha afectacion por oidio. Ya hemos hecho 3 desyerbes, toca hacer uno nuevo en el 3c. Muchos trabajos culturales en enfermedad.",Lisianthus Blanco,,,Activa,,,,
,Andres,Statice Hipster White,Blanco,,2952,,15,4B+4C,AGOSTO,27,,"Sem24: Roseta espectacular, flores blancas iniciando. ALERTA: activar Botrytis sem 26-27. Glukoplant cada 10 días cosecha. No quitar follaje viejo sin lesión activa. Cambiar Fórmula C al inicio cosecha. | Inicio cosecha sem27. 3 semanas cosechando. Tallos significativamente mejores que Forever Happy. Labor cultural sem29-30: retiro hojas negras/secas, sin tocar tejido medio necrosado. ENSAYO maduración mínima intervención + bombas activas. Sigue produciendo para fresco y secos. En semana 33 estamos cosechando aun, pero ya muchos tallos estan marrones por botrytis. Ya en declive.",Statice White,,,Activa,,,,
,Andres,Bunny Tails,,,1170,,15,2,AGOSTO,30,,"Sem28 desarrollando tallos y plumitas. Tienen semilla. | Cosecha desde sem29. Plumas extraordinariamente largas en Inv2 vs exterior. OPORTUNIDAD: escalar en múltiples camas Inv2. Pendiente contar tallos/planta, para calcular volumen mínimo rentable. Conte promedio 10 tallos planta. En semana 31 y 32 pico productivo, ya en semana 33 se comienzan a ponr marrones",Bunny Tails,,,Activa,,,,
,Ball Colombia,Campanula Champion Lavender,Lavanda,,1918,,16,3B,JULIO,25,27,"Ya estan formando flor en semana 22, se ven cortas, primeros tallos en la 25 pero muy poca produccion",Campanula Lavender,,,Activa,,,,
,Andres,Scabiosa Estrella,,,870,,16,2,AGOSTO,33,,"Sem 25 ya elongando tallo | 14 sem campo. Primera flor formándose sem30. Malla estaba baja — subir urgente. Sin pinch (no se pensó). Punto de cosecha: cabezas verde claro con bordes bronce, centros en estrella apenas negros. En semana 33 empezamos a cosechar las puntas, no estamos sacrificando laterales, no hicimos pinch. Cabezas espectaculares y grandes",Scabiosa Estrella,,,Activa,,,,
,Ball Colombia,Campanula Champion White,Blanco puro,,1370,,16,3B,JULIO,25,28,Primeros tallos,Campanula White,,,Activa,,,,
,Andres,Craspedia,,,338,,16,2,AGOSTO,31,,14 sem campo. Primeras flores maduras sem30 — 3 sem antes de proyección. ~3 maduras/m² + ~6 en proceso. Ciclo real 14 sem. Producción muy baja — uso exclusivo secos. Seguimos en cosecha nos ayudan a vender secos amarillos,Craspedia,,,Activa,,,,
,Andres,Amaranto Love Lies Bleeding,Vino tinto,,1067,,16,3A,JULIO,24,25,"Ya con espigas formadas falta maduracion en sem 22, comenzando cosecha en 24 ya en 25 quedan las ultimas",Love Lies Bleeding,,,Activa,,,,
,Andres,Celosia Cristata Verda Green,Verde limón,,3134,,17,3A+4B,JULIO,25,30,"En sem 22 ya tienen crestas. Me preocupa si es una induccion, pero estan mas largas que cuandos e nos han induido. Empezamos cosecha en semana 25, todavia hay mucha desuniformidad entre tallos, hay unas cabezas con abanicos grandes y otras muy pequenas. Creo que con mas agua nos puede ir mejor, pero si elongaron mucho! | Sem27-28 cosechando pero con síntomas de botritis. Aún hay cabezas engordando en campo. No se han sacado. | Pico cosecha sem28-29. Sacrificada sem30 por espacio. Algunas cabezas sin engordar y algunas plumosas al cierre.",Cristata Verda Green,,,Activa,,,,
,Ball Colombia,Trachellium White Lake,Blanco encaje,,1900,,17,MINI,AGOSTO,32,,"Sem28 aún no ha florecido. Inicio cosecha pendiente de confirmar. | Falla bombillo fotoperiodo 10 días sem27. Retraso ~2 sem. Cosecha estimada sem32. REGLA: revisar bombillo semanal desde sem6. Falla >3 días = sumar días perdidos a proyección. En semana 31 y 32 tuvimos una buena cosecha, ya en semana 33 casi nada",Trachelium White,,,Activa,,,,
,Andres,Celosia Spun Sugar,Rosados y corales suaves,,1200,,17,3B,AGOSTO,28,32,"Ya tienen plumas, estando pequenas | Sem27 tallos cortos. Sem28 más largos. Algunos centros muy maduros cortados cortos con laterales inmaduros. | Sem17 → 13 sem campo. Cosechando desde sem28. Punto óptimo longitud sem13. Ya en semana 32 se estan yendo a semilla, sacamos la cama porque ya quedaba lo mas malito para secar.",Floret Rosados Corales,,,Activa,,,,
,Andres,Celosia Summer Sherbet,Rosados y corales suaves,,1200,,17,3A,AGOSTO,28,32,"Ya tienen plumas, estando pequenas | Sem27 tallos cortos. Sem28 más largos. Algunos centros muy maduros cortados cortos con laterales inmaduros. | Sem17 → 13 sem campo. Cosechando desde sem28. Punto óptimo longitud sem13.",Floret Rosados Corales,,,Activa,,,,
,Andres,Celosia Shimmer,Amarillo · salmón · rosa,,3200,,17,"3B, MINI",AGOSTO,28,,"Ya tienen plumas, estando pequenas | Sem27 tallos cortos. Sem28 más largos. Algunos centros muy maduros cortados cortos con laterales inmaduros. | Sem17 → 13 sem campo. Cosechando desde sem28. Punto óptimo longitud sem13. En semana 30 y 31 pico productivo, ya en semana 32 empiezan a pasarse igual que en semana 33",Shimmer Mix,,,Activa,,,,
,Ball Colombia,Snapdragon Monaco Orange,Naranja sunset,,1728,,17,4A,JULIO,26,28,Pico cosecha sem27. Cama sacada sem28. Ideal hubiese sido sacarla en sem27. Sale toda al tiempo a diferencia de Plumblossom. | Pico cosecha sem27. Cama sacada sem28. Ideal sem27.,Monaco Orange,,,Activa,,,,
,Andres,Lisianthus mas,Blanco puro,,286,,17,3B,SEPTIEMBRE,40,,,Lisianthus Blanco,,,Activa,,,,
,Andres,Zinnia Benary Giant bright Pink,Rosa · fucsia candy,,,,17,4B,AGOSTO,24,,"Ya en sem 22 empiezan a mostrar su primera flor. Hay que hacer pinch?. Sem24: Flores grandes, sin pinch. Tallos inmaduros no pasan wiggle test — esperar lignificación. Causa: tallo sin lignificar no centro abierto. | Sem28 muchísima producción. Más de lo que se puede vender.",Zinnia Bright Pink,,,Activa,,,,
,Andres,Snapdragon Cannes Red,Rojo carmesí,,2582,,18,3C,JULIO,25,27,"Estan floreciendo antes de tiempo por estres, Tallos delgados y espigas separadas. Rojo bonito pero no es el que estoy buscando. Es mas rojo navidad, no tanto rojo carmesi. | Fin cosecha sem27. Casi toda la cama sacada por demasiada deformidad en la flor.",Cannes Red Delight,,,Cerrada,,,,
,Andres,Snapdragon Cannes Pink,Rosa,,2540,,18,4C,JULIO,25,29,Sem24: Floración anticipada sem 24. Tallos DELGADOS — cama post-lisianthus depletó calcio. Gapping en flores. Próximo ciclo: yeso agrícola 200-300g/m² + Glukoplant sem 5-8 obligatorio. | Buena cosecha hasta sem27. Sem28 menor calidad. Comparte cama con Lavender. | Floreció antes de tiempo. Tallos delgados. Sacrificada sem29. Statice Hipster Apricot sembrado encima sem29.,Cannes Pink,,,Activa,,,,
,Andres,Snapdragon Cannes Lavender,Lavanda claro,,3186,,18,4C,JULIO,28,30,"Sem24: Espigas en formación, algo más atrás que Pink. Misma cama post-lisianthus. Monitorear si adelanta ciclo vs julio. | Sem28 cosechando buenas flores y sacando paquetes. | Compartía cama con Cannes Pink. Sacrificada sem30.",Cannes Lavender,,,Activa,,,,
,Andres,"Zinnia Aurora, Bailarina, Benary",Amarillo tostado · naranja · coral,,,,18,4B,JULIO,23,,"Sem24: Plantas compactas con mulch, flores naranjas/rojas recién abriendo. Comportamiento esperado sem 18. | Sem28 muchísima producción. Más de lo que se puede vender. | Sem28 muchísima producción.",Zinnia Aurora,,,Activa,,,,
,Andres,Celosias Dreams,Mix pastel · verde · coral · salmón,,2600,,18,2,AGOSTO,28,32,Ya muestran plumas. Induccion floral? | Sem28 flores maduras. Arranca cosecha. | Sem18 → 13 sem campo. Inducción floral en bandeja. Tallos más cortos pero comercializables. Cosecha sem28-31. Todas llegaron igual a largos aprovechables! ,Dreams Mix,,,Activa,,,,
,Ball Colombia,Ammi Majus,Blanco · verde suave,,1644,,18,5,AGOSTO,31,33,"Sem24: 6 semanas, follaje plumoso denso. Maleza en borde izquierdo — king grass desde humedal. Cosecha agosto. En semana 31 y 32 pico productivo, en semana 33 poquitos tallos pero MUY largos y cabezas muy grandes",Ammi Majus,,,Activa,,,,
,Ball Colombia,Matricaria Snowball,Blanco puro,,1918,,18,4A,JULIO,27,34,"Inicio cosecha sem27, pico sem28. Buena cosecha. | Snowball 4A sem18. 12 sem campo. Inicio cosecha sem27. Pico sem28-29. Sacamos un poquito pero esta cama tuvo muchas perdidas. Parches que no florecieron.",Matricaria Snowball,,,Activa,,,,
,Ball Colombia,Campanula Champion Lavender,Lavanda,,2192,,18,3B,AGOSTO,30,27,Sacrificada sem27 por problemas de florero al final de la ventana.,Campanula Lavender,,,Cerrada,,,,
,Ball Colombia,Campanula Champion White,Blanco puro,,1096,,18,3B,AGOSTO,31,28,Fin cosecha sem28. Quedan muy pocas flores.,Campanula White,,,Cerrada,,,,
,Ball Colombia,Dusty Miller New Look,Plateado azulado · hoja grande,,1464,,18,,SEPT,38,,,Dusty New Look,,,Activa,,,,
,Andres,Celosia Shimmer,Amarillo · salmón · rosa,,2654,,20,3A,AGOSTO,28,,Sem27 tallos cortos. Sem28 más largos. Algunos centros muy maduros cortados cortos con laterales inmaduros. | Sem20 → 10 sem campo. Todavía no lista. Cosecha estimada sem31.,Shimmer Mix,,,Activa,,,,
,Andres,Snapdragon Cannes Light Bronze,Apricot rosado,,3517,,20,3c,AGOSTO,32,,"Sem28 ya hay algunas flores. Ventana cosecha estimada sem29. | Sem20 → 10 sem campo. FAVORITA DCB. Cosechando desde sem29. Apertura extraordinaria, más flores que las que se pueden vender. Plántulas entregadas antes de tiempo — ciclo se adelantó vs Feria Flores. Para sem35: sembrar sem24-25. Estas en el 3A estan en su punto optimo en semana 33, ya para sacar en la 34",Cannes Light Bronze,,,Activa,,,,
,Andres,Snapdragon Cannes Red Delight,Rojo carmesí,,2793,,20,4a,AGOSTO,30,31,Sem20 → 10 sem campo. Cosechando desde sem30.,Cannes Red Delight,,,Activa,,,,
,Andres,Celosia Rose Gold,Rosados y corales suaves,,1231,,20,3A,AGOSTO,31,,Cosechando tallos extraordinarios en semana 32 y 33,Floret Rosados Corales,,,Activa,,,,
,Andres,Celosia Raspberry Lemonade,Coral · apricot · amarillo,,1158,,20,3A,AGOSTO,31,,"Semana 34 ya acercandose al final, la shimmer si ya se esta pasando primero",Floret Raspberry Lemonade,,,Activa,,,,
,Andres,Amaranto Green Tails,Verde lima,,1600?,,20,5,JULIO,28,31,"Sem24: 4 semanas, espigas ya visibles — adelantado. Cosecha real sem 29-30 julio. NO disponible pedido 23/06. | Sem28 algunos maduros. Empezando a sacar paquetes. Ideal hubiese sido sem27. | Cosecha masiva sem29 ~30 paquetes wedding planner. 30 paquetes prevendidos para 1-ago. Ventana óptima hasta sem30. Cama retenida por compromiso prepagado.",Green Tails,,,Activa,,,,
,Andres,Ammobium Winged Everlasting,Blanco · centro amarillo,,4757,,21,3 EXT,AGOSTO,30,,"Sem24: Finalizando cosecha. 1 flor por planta confirmado. | Fin cosecha sem27. Flores de menor calidad, algunas en el piso. Hubiesen aguantado 1 sem más. ",Ammobium Alatum,,,Cerrada,,,,
,Ball Colombia,Green ball punky ball,Verde musgo,,,,21,4B,SEPTIEMBRE,33,,"Desbrotes sem30 — pinch tardío, tallos principales ya formados. 9 sem campo. Desde semana 32 y 33 tallos espectaculares",Dianthus Green Ball,,,Activa,,,,
,Andres,Strawflower Apricot Peach,Durazno suave,,994,,21,3EXT,SEPTIEMBRE,32,,,Strawflower Apricot Peach,,,Activa,,,,
,Andres,Strawflower Silvery Rose,Rosado plateado claro,,800,,21,3EXT,SEPTIEMBRE,32,,,Strawflower Silvery Rose,,,Activa,,,,
,Andres,Strawflower Bright Rose,Rosa,,891,,21,3EXT,SEPTIEMBRE,32,,,Strawflower Bright Rose,,,Activa,,,,
,Andres,Strawfloer Purple Red,Fucsia avinado,,790,,21,3EXT,SEPTIEMBRE,34,,,Strawflower Cranberry Rose,,,Activa,,,,
,Andres,Celosias Dreams,Mix pastel · verde · coral · salmón,,"  2,467 ",la mitad,21,2,AGOSTO,28,31,SIN COTES SOLO BOKASHI | Sem28 flores maduras. Arranca cosecha. | Sem21 → 10 sem campo. Inducción floral en bandeja. Cierre estimado sem31.,Dreams Mix,,,Activa,,,,
,Andres,Amaranto Mira,Verde y vino variegado,,800,,22,2,AGOSTO,33,30,"Induccion floral en bandeja, los siembro para secar | PÉRDIDA. Inducción floral en bandeja. Se quedó enano. Sacada sem30. REGLA: amaranto con inducción en bandeja = descartar siempre.",Mira,,,Activa,,,,
,Andres,Gomphrena Salmon Pastel,Rosado salmonado,,730,,22,4B,SEPTIEMBRE,37,,SIN COTES SOLO BOKASHI | Sem22 → 8 sem campo. Primer corte sem30. ENSAYO maduración completa con laterales — menos pérdida carrito y menos maquillaje. Cosecha estimada sem34.,Salmon Pink,,,Activa,,,,
,Ball Colombia,Campanula Lavender ,Lavanda,,2592,,22,5,AGOSTO,32,,"SIN COTES SOLO BOKASHI | Sacrificada sem27 por problemas de florero al final de la ventana. | Sem22 → 8 sem campo. ACTIVA. Cosecha estimada sem34 (~4 sem más). Nota del archivo incorrecta — NO cerrada. Cosechando en semana 33 mucho, los polinizadores estan merodando y tenemos marchitez en campana mas alta, pero de resto muy bien. Hay que cosechar temprano con ellas.",Campanula Lavender,,,Cerrada,,,,
,Ball Colombia,Campanula Blanca,Blanco puro,,2592,,22,5,AGOSTO,34,,Sem24: Sembrada pareja con Lavender. Mismo amarillamiento inferior. Monitorear próximas 2 semanas. | Fin cosecha sem28. Quedan muy pocas flores. | Sem22 → 8 sem campo. ACTIVA. Cosecha estimada sem34 (~4 sem más). Nota del archivo incorrecta — NO cerrada.,Campanula White,,,Cerrada,,,,
,Ball Colombia,Dusty Miller New Look,Plateado azulado · hoja grande,,648,,22,3B,NOVIEMBRE,47,,SIN COTES SOLO BOKASHI,Dusty New Look,,,Activa,,,,
,Ball Colombia,Snapdragon Opus Appleblossom,Blanco rosado pastel,,2448,,22,3C,AGOSTO,32,,"Cosechamos mucho en la 31 y 32 y ya en la 33 solo quedan muchos laterales, tallos delgados que vamos a vender como minis",Opus Appleblossom,,,Activa,,,,
,Andres,Gomphrena Quis Pink,Lila claro,,447,,22,2,SEPTIEMBRE,37,,,Quis Pink,,,Activa,,,,
,Ball Colombia,Snapdragon Opus Appleblossom,Blanco rosado pastel,,864,,22,3b,AGOSTO,31,32,Tallos mas delgados que la norma,Opus Appleblossom,,,Activa,,,,
,Ball Colombia,Snapdragon Opus Pink,Rosa,,720,,22,3B,AGOSTO,31,32,Tallos mas delgados que la norma,Opus Pink,,,Activa,,,,
,Ball Colombia,Matricaria Single Vegmo,Blanco con centro amarillo,,,,22,5,AGOSTO,35,,Sem24: Etiqueta 29/05. Prendimiento excelente uniforme. Amarillamiento inferior — patrón Inv 5. Preventivo mosca blanca OBLIGATORIO sem 28-30.,Matricaria Vegmo,,,Activa,,,,
,Andres,Lisianthus,Blanco puro,,,,22,3B,OCTUBRE,43,,,Lisianthus Blanco,,,Activa,,,,
,Ball Colombia,Ammi Majus,Blanco · verde suave,,,,22,3EXT,AGOSTO,35,,,Ammi Majus,,,Activa,,,,
,Ball Colombia,Trachellium White Lake,Blanco encaje,,2000,,23,5 y 3C,SEPTIEMBRE,,,Sem24: Etiqueta 29/05. Con mulch — contrasta positivamente con sem 11 sin mulch. Inicio cosecha septiembre. | Sem28 aún no ha florecido. Inicio cosecha pendiente de confirmar.,Trachelium White,,,Activa,,,,
,Ball Colombia,Gomphrena Quis Carmine,Hot pink,,1728,,23,5,SEPTIEMBRE,38,,Sem24: 02/06/26. Sin Cotes ni Bokashi. Fertirriego activo. Crítica Amor y Amistad septiembre.,QIS Carmine,,,Activa,,,,
,Ball Colombia,Dusty Miller New Look,Plateado azulado · hoja grande,,864,,23,5,OCTUBRE,43,,,Dusty New Look,,,Activa,,,,
,Ball Colombia,Matricaria Vegmo Single,Blanco con centro amarillo,,3168,,23,4A,AGOSTO,35,,,Matricaria Vegmo,,,Activa,,,,
,Ball Colombia,Snapdragon Opus White Fresh,Blanco puro,,288,,23,3C,AGOSTO,33,35,"Comenzamos cosecha en la 33, quedan un poco mas de la mitad para la 34, espigas extraordinarias, gruesas.",Opus Fresh,,,Cerrada,,,,
,Andres,Celosias Lavly,Fucsia cereza,,3099,,,,,,,PERDIDA INDUCCION FLORAL,Cristata Reprise Velvet,,,Cerrada,,,,
,Andres,Snapdragon Cannes Light Bronze,Apricot rosado,,1414,,24,3A,AGOSTO,33,34,"Sin Bokashi, con Cotes | Sem28 ya hay algunas flores. Ventana cosecha estimada sem29.Cosecha espectacular",Cannes Light Bronze,,,Activa,,,,
,Andres,Snapdragon Prueba Avignon Pink 2,,,43,,24,3A,AGOSTO,33,35,"Sin Bokashi, con Cotes. Espectacular color rosa palido, tallos gruesos y largos, ",PRUEBA INTERNA,,,Activa,,,,
,Andres,Snapdragon Prueba Bridal Pink F1,,,44,,24,3A,AGOSTO,33,35,"Sin Bokashi, con Cotes",PRUEBA INTERNA,,,Activa,,,,
,Andres,Snapdragon Prueba Avignon Silver 2 F1,,,45,,24,3A,AGOSTO,33,35,"Sin Bokashi, con Cotes",PRUEBA INTERNA,,,Activa,,,,
,Andres,Snapdragon Prueba Antibes Apricot 1 F1,,,39,,24,3A,AGOSTO,33,35,"Sin Bokashi, con Cotes",PRUEBA INTERNA,,,Activa,,,,
,Andres,Snapdragon Prueba Avignon Light Rose 2 F1,,,20,,24,3A,AGOSTO,33,35,"Sin Bokashi, con Cotes",PRUEBA INTERNA,,,Activa,,,,
,Andres,Snapdragon Prueba Avignon Apricot 2 F1,,,26,,24,3A,AGOSTO,33,35,"Sin Bokashi, con Cotes",PRUEBA INTERNA,,,Activa,,,,
,Andres,Snapdragon Prueba Double F Apricot 2 F1,,,57,,24,3A,AGOSTO,33,35,"Sin Bokashi, con Cotes",PRUEBA INTERNA,,,Activa,,,,
,Andres,Celosia Cristata Enda Rose,Rosado coral,,4264,,24,3A,AMOR,32,,"Sin Bokashi, con Cotes | ALERTA sem28: inducción floral. Falla luz extendida sem27, todas fueron a flor. Probablemente se pierda esa cosecha.",Cristata Enda Rose,,,Activa,,,,
,Andres,Celosia Cristata Reprise Orange,Coral,,693,,24,4A,AMOR,37,,"Sin Bokashi, con Cotes | ALERTA sem28: inducción floral. Falla luz extendida sem27, todas fueron a flor. Probablemente se pierda esa cosecha.",Cristata Reprise Orange,,,Activa,,,,
,Andres,Celosia Cristata Clubs Cocktail,Rosado,,1978,,24,4A,AMOR,37,,"Sin Bokashi, con Cotes | ALERTA sem28: inducción floral. Falla luz extendida sem27, todas fueron a flor. Probablemente se pierda esa cosecha.",Cristata Clubs Cocktail,,,Activa,,,,
,Andres,Scabiosa Triple Berry Mix,,,446,,25,2,OCTUBRE,40,,"Sin Bokashi, con Cotes",Scabiosa Triple Berry,,,Activa,,,,
,Andres,Gomphrena Quis Carmine,Hot pink,,1662,,25,5,OCTUBRE,40,,"Sin Bokashi, con Cotes",QIS Carmine,,,Activa,,,,
,Andres,Gomphrena Quis Pink,Lila claro,,1508,,25,4A y 4B y 2,OCTUBRE,40,,"Sin Bokashi, con Cotes",Quis Pink,,,Activa,,,,
,Andres,Cynoglossum Blue,,,597,,25,2,OCTUBRE,40,,"Sin Bokashi, con Cotes",,,,Activa,,,,
,Ball Colombia,Campanula Champion Pink,Rosa,,3014,,25,4C,SEPTIEMBRE,37,,,Campanula Pink,,,Activa,,,,
,Ball Colombia,Carthamus Zanzibar,Vino intenso,,1900,,25,4A,SEPTIEMBRE,38,,,Dianthus Sweet Cherry,,,Activa,,,,
,Andres,Statice Forever Silver,Blanco,,1647,,25,3C,OCTUBRE,40,,,Forever Silver,,,Activa,,,,
,Ball Colombia,Ammi Majus,Blanco · verde suave,,1644,,25,6ext,SEPTIEMBRE,38,,,Ammi Majus,,,Activa,,,,
,Ball Colombia,Dianthus Sweet Cherry,Vino intenso,,1918,,25,4A,OCTUBRE,37,,,Dianthus Sweet Cherry,,,Activa,,,,
,Ball Colombia,Campanula Champion White,Blanco puro,,1918,,27,3C,SEPTIEMBRE,39,,,Campanula White,,,Activa,,,,
,Ball Colombia,Snapdragon Opus Appleblossom,Blanco rosado pastel,,1644,,27,4A,SEPTIEMBRE,37,,,Opus Appleblossom,,,Activa,,,,
,Ball Colombia,Snapdragon Opus White Fresh,Blanco puro,,1096,,27,3A,SEPTIEMBRE,37,,,Opus Fresh,,,Activa,,,,
,Andres,Achillea Cerise Queen,,,1000,,28,6 EXT,ENERO,1,,,Achillea Cerise Queen,,,Activa,,,,
,Andres,Achillea Cloth of God,,,3342,,28,6 EXT,ENERO,1,,,Achillea Cloth of God,,,Activa,,,,
,Ball Colombia,Girasol Pro Cut White Lite,Blanco cremoso · centro dorado,,288,,28,4A,OCTUBRE,40,,,Girasol White Lite,,,Activa,,,,
,Andres,Strawflower Vintage White,Blanco puro,,881,,28,6 EXT,OCTUBRE,43,,,Strawflower Vintage White,,,Activa,,,,
,Andres,Strawflower King Size Red,Rojo intenso,,1800,,28,6 EXT,OCTUBRE,43,,,Strawflower Cranberry Rose,,,Activa,,,,
,Andres,Strawflower Copper Red,Rojo cobrizo cálido,,400,,28,6 EXT,OCTUBRE,43,,,Strawflower Cranberry Rose,,,Activa,,,,
,Ball Colombia,Dianthus Green Ball,Verde musgo,,1600,,28,3A,OCTUBRE,43,,,Dianthus Green Ball,,,Activa,,,,
,Prueba Hilverda,Limonium Bubblegum Wings,Rose,,70,,28,4A,OCTUBRE,43,,,Opus Appleblossom,,,Activa,,,,
,Prueba Hilverda,Limonium Fantasia Wings,Lilac,,70,,28,4A,OCTUBRE,43,,,Opus Fresh,,,Activa,,,,
,Prueba Hilverda,Limonium Pretty Wings,Pink,,70,,28,4A,OCTUBRE,43,,,Girasol White Lite,,,Activa,,,,
,Prueba Hilverda,Limonium Anouchka Diamond,Rosado,,40,,28,2,NOVIEMBRE,43,,,Dusty New Look,,,Activa,,,,
,Prueba Hilverda,Limonium Blush Diamond,Rosado,,40,,28,2,NOVIEMBRE,43,,,,,,Activa,,,,
,Prueba Hilverda,Limonium Max Diamond,Apricot,,40,,28,2,NOVIEMBRE,43,,,Forever Silver,,,Activa,,,,
,Prueba Hilverda,Limonium Divine Diamond,Rosado,,40,,28,2,NOVIEMBRE,43,,,Dianthus Sweet Cherry,,,Activa,,,,
,Prueba Hilverda,Limonium Tiffany Diamond,Fucsia,,40,,28,2,NOVIEMBRE,43,,,Campanula White,,,Activa,,,,
,Andres,Achillea Cerise Queen,,,,,28,3B parte baja,DICEMBRE?,42,,Lotecito junto con Cloth of God en parte baja 3B. Mismas sem28 que las de 6EXT.,Achillea Cerise Queen,,,,,,,
,Andres,Achillea Cloth of God,,,,,28,3B parte baja,DICEMBRE?,42,,Lotecito junto con Cerise Queen en parte baja 3B.,Achillea Cloth of God,,,,,,,
,Andres,Strawflower Vintage White,,,,,28,3B,NOVIEMBRE,43,,Lotecito sem28 en 3B. Mismo lote que 6EXT.,Strawflower Vintage White,,,,,,,
,Andres,Strawflower King Size Red,,,,,28,3B,NOVIEMBRE,41,,Lotecito sem28 en 3B. Mismo lote que 6EXT.,Strawflower King Size Red,,,,,,,
,Andres,Strawflower Copper Red,,,,,28,3B,NOVIEMBRE,41,,Lotecito sem28 en 3B. Mismo lote que 6EXT.,Strawflower Copper Red,,,,,,,
,Andres,Snapdragon MB Madame Butterfly,,,1395,,30,4B,OCTUBRE,42,,"1395 plantas. ENSAYO densidad: mitad superior 1/hueco (448 plantas), mitad inferior 2/hueco (896 plantas). Marcar físicamente punto de división.",MB Madame Butterfly,,,,,,,
,Ball Colombia,Trachellium White Lake,Blanco encaje,,1900,,29,5+3C,NOVIEMBRE,44,,Sem28 aún no ha florecido. Inicio cosecha pendiente de confirmar.,Trachelium White,,,Activa,,,,
,Ball Colombia,Ammi Majus,,,1370,,29,6 EXT,OCTUBRE,42,,,Ammi Majus,,,Activa,,,,
,Ball Colombia,Snapdragon Opus White Fresh,,,822,,29,4A,OCTUBRE,39,,,Opus White Fresh,,,Activa,,,,
,Ball Colombia,Campanula Champion White,,,1918,,29,4B,OCTUBRE,41,,,Campanula Champion White,,,Activa,,,,
,Andres,Limonium Hipster Apricot,,,1838,,29,4C+,NOVIEMBRE,44,,,Statice Hipster Apricot,,,,,,,
,Ball Colombia,Gomphrena Quis Orange,,,464,,30,3B,OCTUBRE,45,,,QIS Orange,,,Activa,,,,
,Ball Colombia,Gomphrena Quis Red,,,822,,30,3B,OCTUBRE,45,,,QIS Red,,,Activa,,,,
,Andres,Snapdragon Cannes Red,,,1527,,30,3A,OCTUBRE,41,,,Cannes Red,,,,,,,
,Andres,Snapdragon MB White,,,1395,,30,4B,OCTUBRE,42,,,MB Ivory,,,,,,,
,Andres,Snapdragon Cannes Lemon,,,3304,,30,4A+3A,OCTUBRE,41,,,Cannes Lemon,,,,,,,
,Andres,Limonium Quis Lavender,,,673,,31,2,NOVIEMBRE,44,,,,,,,,,,
,Ball Colombia,Matricaria Snowball,,,822,,31,4B,OCTUBRE,42,,,,,,,,,,
,Ball Colombia,Snapdragon Monaco Dark Pink,,,1918,,32,4B+3B,OCTUBRE,40,,,,,,,,,,
,Ball Colombia,Snapdragon Opus Lavender,,,1918,,32,4B+3B,OCTUBRE,42,,,,,,,,,,
,Ball Colombia,Snapdragon Opus Fresh,,,576,,32,4B+3B,OCTUBRE,42,,,,,,,,,,
,Ball Colombia,Ammi Majus,,,1728,,32,6,NOVIEMBRE,45,,,,,,,,,,
,Ball Colombia,Dusty Miller,,,432,,32,5,DICIEMBRE,47,,,,,,Activa,,,,
,Ball Colombia,Snapdragon Opus Lavender,,,1918,,33,3B,OCTUBRE,43,,,,,,,,,,
,Ball Colombia,Snapdragon Opus Fresh,,,548,,33,3B,OCTUBRE,43,,,,,,,,,,
,Ball Colombia,Snapdragon Plumblossom,,,1918,,33,4B,NOVIEMBRE,44,,,,,,,,,,
,Ball Colombia,Campanula Champion Pink,,,1370,,33,4B,NOVIEMBRE,45,,,,,,,,,,
,Ball Colombia,Gomphrena Carmine,,,1918,,33,3B,NOVIEMBRE,46,,,,,,,,,,
,Ball Colombia,Gomphrena Quis Red,,,1918,,33,3B,NOVIEMBRE,46,,,,,,,,,,
,Ball Colombia,Snapdragon Opus Red,,,2016,,33,4A,OCTUBRE,43,,,,,,,,,,
,Ball Colombia,Dianthus Sweet Cherry,,,2016,,34,3A,NOVIEMBRE,46,,,,,,,,,,
,Ball Colombia,Campanula champion White,,,1644,,34,3A,NOVIEMBRE,46,,,,,,,,,,
,Ball Colombia,Matricaria Snowball,,,2016,,34,3A,NOVIEMBRE,46,,,,,,,,,,
,Andres,Statice Hipster Apricot,,,1000,,34,3A,DICIEMBRE,49,,,,,,,,,,
,Ball Colombia,Sunflower Pro Cut Red,,,1440,,35,Mini,NOVIEMBRE,47,,,,,,,,,,
,Ball Colombia,Trachellium White Lake,,,3800,,35,3A,DICIEMBRE,50,,,,,,,,,,
,Ball Colombia,Snapdragon Monaco Plumblossom,,,2016,,35,4A,NOVIEMBRE,44,,,,,,,,,,
,Ball Colombia,Snapdragon Opus White Fresh,,,1440,,35,4A,NOVIEMBRE,44,,,,,,,,,,
,Ball Colombia,Snapdragon Monaco Dark Pink,,,576,,35,4A,NOVIEMBRE,44,,,,,,,,,,
,Ball Colombia,Ammi Majus,,,1728,,35,6,NOVIEMBRE,47,,,,,,,,,,
,Ball Colombia,Girasol Pro Cut Red,,,1152,,35,3A,NOVIEMBRE,47,,Comparte cama con Trachellium a 1 por hueco en el 3a,,,,,,,,
,Ball Colombia,Dianthus Sweet Cherry,,,2016,,36,4C+3C,NOVIEMBRE,48,,,,,,,,,,
,Ball Colombia,Celosia Purple Flamingo,,,1096,,36,5,DICIEMBRE,51,,,,,,,,,,
,Ball Colombia,Green Ball,,,1600,,36,4C,NOVIEMBRE,49,,,,,,,,,,
,Ball Colombia,Campanulas Champion Pink,,,1370,,36,5,NOVIEMBRE,48,,,,,,,,,,
,Ball Colombia,Campanulas Champion White,,,1644,,36,5,NOVIEMBRE,48,,,,,,,,,,
,Ball Colombia,Celosia Celway Red,,,1152,,,,,,,,,,,,,,,
