casa,producto,categoria,presentacion,precio_cop,iva_pct,unidad,cop_por_unidad_con_iva,fuente
CAMPOFERT,CAMPOFERT HUMUS 15,ACOND SUELOS,BIDON X 1 LT,27556,0,L,27556,Lista de precios distribuidor · Agosto 2026 · hoja LP ANT1_Ago
CAMPOFERT,CAMPOFERT HUMUS 15,ACOND SUELOS,CANECA X 20 LT,523296,0,L,26165,Lista de precios distribuidor · Agosto 2026 · hoja LP ANT1_Ago
CAMPOFERT,MOLIB-K,MICROS,BOLSA X 500 GR,92800,0,kg,185600,Lista de precios distribuidor · Agosto 2026 · hoja LP ANT1_Ago
COLINAGRO,KLIP BORO,MICROS,BOLSA X 1 KG,20085,19,kg,23901,Lista de precios distribuidor · Agosto 2026 · hoja LP ANT1_Ago
COSMOAGRO,KELATEX CU,MICROS,BOLSA X 1 KG,50281,0,kg,50281,Lista de precios distribuidor · Agosto 2026 · hoja LP ANT1_Ago
INNOVAK,CARBOXY CA,FOLIAR,BIDON X 1 LT,28550,0,L,28550,Lista de precios distribuidor · Agosto 2026 · hoja LP ANT1_Ago
INNOVAK,CARBOXY CA,FOLIAR,CANECA X 10 LT,268860,0,L,26886,Lista de precios distribuidor · Agosto 2026 · hoja LP ANT1_Ago
INNOVAK,PROMESOL CALCIO,ACOND SUELOS,CANECA X 20 LT,532397,0,L,26620,Lista de precios distribuidor · Agosto 2026 · hoja LP ANT1_Ago
INNOVAK,PROMESOL CALCIO,ACOND SUELOS,CANECA X 10 LT,311452,0,L,31145,Lista de precios distribuidor · Agosto 2026 · hoja LP ANT1_Ago
INNOVAK,PROMESOL CALCIO,FOLIAR,BIDON X 1 LT,32676,0,L,32676,Lista de precios distribuidor · Agosto 2026 · hoja LP ANT1_Ago
INTEROC,NOVAPLANT CA+B+ZN,FOLIAR,BIDON X 1 LT,41527,0,L,41527,Lista de precios distribuidor · Agosto 2026 · hoja LP ANT1_Ago
INTEROC,NOVAPLANT CA+B+ZN,FOLIAR,CANECA X 20 LT,643085,0,L,32154,Lista de precios distribuidor · Agosto 2026 · hoja LP ANT1_Ago
MICROFERTISA,BOROSOL,MICROS,BOLSA X 1 KG,16888,19,kg,20096,Lista de precios distribuidor · Agosto 2026 · hoja LP ANT1_Ago
MP GALAGRO,AMINOPODER,FOLIAR,CANECA X 20 LT,815351,0,L,40768,Lista de precios distribuidor · Agosto 2026 · hoja LP ANT1_Ago
MP GALAGRO,AMINOPODER,FOLIAR,BIDON X 1 LT,59132,0,L,59132,Lista de precios distribuidor · Agosto 2026 · hoja LP ANT1_Ago
MP GALAGRO,AMINOPODER,FOLIAR,GARRAFA X 5 LT,241123,0,L,48225,Lista de precios distribuidor · Agosto 2026 · hoja LP ANT1_Ago
MP GALAGRO,HUMICAMPO 26,ACOND SUELOS,BIDON X 1 LT,46497,0,L,46497,Lista de precios distribuidor · Agosto 2026 · hoja LP ANT1_Ago
MP GALAGRO,HUMICAMPO 26,ACOND SUELOS,GARRAFA X 5 LT,207620,0,L,41524,Lista de precios distribuidor · Agosto 2026 · hoja LP ANT1_Ago
MP GALAGRO,HUMICAMPO 26,ACOND SUELOS,CANECA X 20 LT,730852,0,L,36543,Lista de precios distribuidor · Agosto 2026 · hoja LP ANT1_Ago
PQP,SULF COBRE,MICROS,BULTO X 25 KG,457304,19,kg,21768,Lista de precios distribuidor · Agosto 2026 · hoja LP ANT1_Ago
SAVITOL,FERTIHUMUS CS,ACOND SUELOS,BIDON X 1 LT,33226,0,L,33226,Lista de precios distribuidor · Agosto 2026 · hoja LP ANT1_Ago
SQM,ALLGANIK MAKRO 60,FERTIRRIEGO,BULTO X 50 KG,127841,0,kg,2557,Lista de precios distribuidor · Agosto 2026 · hoja LP ANT1_Ago
SQM,AMILSOL INICIAL 15-30-15,FERTIRRIEGO,BULTO X 25 KG,214422,0,kg,8577,Lista de precios distribuidor · Agosto 2026 · hoja LP ANT1_Ago
SQM,AMILSOL KP 13-3-44,FERTIRRIEGO,BULTO X 25 KG,140900,0,kg,5636,Lista de precios distribuidor · Agosto 2026 · hoja LP ANT1_Ago
SQM,AMILSOL MAGNUM P44 (UREA FOSFATO),FERTIRRIEGO,BULTO X 25 KG,189989,0,kg,7600,Lista de precios distribuidor · Agosto 2026 · hoja LP ANT1_Ago
SQM,AMILSOL MICRO BORO,FERTIRRIEGO,BULTO X 25 KG,167676,19,kg,7981,Lista de precios distribuidor · Agosto 2026 · hoja LP ANT1_Ago
SQM,AMILSOL MICRO REXENE CU 15,MICROS,BOLSA X 1 KG,43524,19,kg,51793,Lista de precios distribuidor · Agosto 2026 · hoja LP ANT1_Ago
SQM,AMILSOL MICRO REXENE FE Q 48 - EDDHA,MICROS,BOLSA X 1 KG,41292,19,kg,49138,Lista de precios distribuidor · Agosto 2026 · hoja LP ANT1_Ago
SQM,AMILSOL MICRO REXENE Fe XQ58,MICROS,BOLSA X 1 KG,43970,19,kg,52324,Lista de precios distribuidor · Agosto 2026 · hoja LP ANT1_Ago
SQM,AMILSOL MICRO REXENE FeD12 -DTPA,MICROS,BOLSA X 1 KG,41739,19,kg,49669,Lista de precios distribuidor · Agosto 2026 · hoja LP ANT1_Ago
SQM,AMILSOL MICRO REXENE FeE13,MICROS,BOLSA X 1 KG,33170,19,kg,39473,Lista de precios distribuidor · Agosto 2026 · hoja LP ANT1_Ago
SQM,AMILSOL MICRO REXENE K MN 12,MICROS,BOLSA X 1 KG,34978,19,kg,41623,Lista de precios distribuidor · Agosto 2026 · hoja LP ANT1_Ago
SQM,AMILSOL MICRO REXENE K MN 12,MICROS,BULTO X 25 KG,842646,19,kg,40110,Lista de precios distribuidor · Agosto 2026 · hoja LP ANT1_Ago
SQM,AMILSOL MICRO REXENE K ZN 14,MICROS,BOLSA X 1 KG,34978,19,kg,41623,Lista de precios distribuidor · Agosto 2026 · hoja LP ANT1_Ago
SQM,AMILSOL MULTIPROPOSITO 18-18-18,FERTIRRIEGO,BULTO X 25 KG,186314,0,kg,7453,Lista de precios distribuidor · Agosto 2026 · hoja LP ANT1_Ago
SQM,AMILSOL NKS 46 (12-0-46),FERTIRRIEGO,BULTO X 25 KG,134207,0,kg,5368,Lista de precios distribuidor · Agosto 2026 · hoja LP ANT1_Ago
SQM,AMILSOLINE KP,FERTIRRIEGO,BULTO X 25 KG,148710,0,kg,5948,Lista de precios distribuidor · Agosto 2026 · hoja LP ANT1_Ago
SQM,FOSFATO MONOAMONICO AMILSOL MAP,FERTIRRIEGO,BULTO X 25 KG,212302,0,kg,8492,Lista de precios distribuidor · Agosto 2026 · hoja LP ANT1_Ago
SQM,FOSFATO MONOPOTASICO  AMILSOL MKP,FERTIRRIEGO,BULTO X 25 KG,262507,0,kg,10500,Lista de precios distribuidor · Agosto 2026 · hoja LP ANT1_Ago
SQM,NITRATO CALCIO CALCINIT,FERTIRRIEGO,BULTO X 25 KG,79582,0,kg,3183,Lista de precios distribuidor · Agosto 2026 · hoja LP ANT1_Ago
SQM,QROP KS,EDAFICO,BULTO X 25 KG,115240,0,kg,4610,Lista de precios distribuidor · Agosto 2026 · hoja LP ANT1_Ago
SQM,SULF POTASIO AMILSOL SOP,FERTIRRIEGO,BULTO X 25 KG,134207,0,kg,5368,Lista de precios distribuidor · Agosto 2026 · hoja LP ANT1_Ago
SQM,SULFATO DE POTASIO ALLGANIC K,FERTIRRIEGO,BULTO X 25 KG,130413,0,kg,5217,Lista de precios distribuidor · Agosto 2026 · hoja LP ANT1_Ago
SUCROAL,YESO AGRICOLA (SULF CALCIO),ENMIENDA,BULTO X 25 KG,30572,19,kg,1455,Lista de precios distribuidor · Agosto 2026 · hoja LP ANT1_Ago
SYS,AMINOSYS,BIOESTIMULANTE,CANECA X 20 LT,745312,19,L,44346,Lista de precios distribuidor · Agosto 2026 · hoja LP ANT1_Ago
SYS,KELASYS CA,FOLIAR,BOLSA X 1 KG,27009,0,kg,27009,Lista de precios distribuidor · Agosto 2026 · hoja LP ANT1_Ago
SYS,KELASYS CU,MICROS,BOLSA X 1 KG,35660,0,kg,35660,Lista de precios distribuidor · Agosto 2026 · hoja LP ANT1_Ago
VARIOS,ACIDO FOSFORICO 85%,FERTIRRIEGO,CANECA X 35 KG,287945,19,kg,9790,Lista de precios distribuidor · Agosto 2026 · hoja LP ANT1_Ago
VARIOS,MOLIBDATO AMONIO,MICROS,BOLSA X 1 KG,177293,19,kg,210979,Lista de precios distribuidor · Agosto 2026 · hoja LP ANT1_Ago
VARIOS,OXICLORURO DE COBRE,FUNGICIDA,BOLSA X 1 KG,14279,0,kg,14279,Lista de precios distribuidor · Agosto 2026 · hoja LP ANT1_Ago
